Season,DayNum,Fav_TeamID,Und_TeamID,Fav_Score,Und_Score,Score_Diff,Upset_Occurred,Fav_Seed,Und_Seed,Seed_Diff,Diff_DefFT,Diff_PFHeight,Diff_Defensive_Discipline_Score,Diff_AvgHeight,Diff_Pre-Tournament.OppARate,Diff_Pre-Tournament.ORPct,Diff_Pre-Tournament.Def3PtFG,Diff_Bench,Diff_Pre-Tournament.OppFG2Pct,Diff_Consistency_Off_Eff,Diff_Score,Diff_SFPts,Diff_SFDR,Diff_Avg_Net_Eff,Diff_L10_Net_Eff,Diff_Pre-Tournament.eFGPct,Diff_Pre-Tournament.FG3Rate,Diff_Consistency_Def_Eff,Diff_Pre-Tournament.AdjTempo,Diff_PGOR,Diff_Pre-Tournament.FTPct,Diff_Pre-Tournament.Off2PtFG,Diff_Pre-Tournament.BlockPct,Diff_CenterOR,Diff_PGPts,Diff_SFOR,Diff_Active Coaching Length Index,Diff_EffectiveHeight,Diff_Pre-Tournament.AdjDE,Diff_Pre-Tournament.FG2Pct,Diff_PGHeight,Diff_Avg Possession Length (Defense),Diff_PGDR,Diff_First_Round_Picks,Diff_SGHeight,Diff_Pre-Tournament.Def2PtFG,Diff_Pre-Tournament.DefFT,Diff_Pre-Tournament.FTRate,Diff_recent_5yr_pase,Diff_CenterDR,Diff_SFHeight,Diff_Avg Possession Length (Offense),Diff_Experience,Diff_PFPts,Diff_CenterHeight,Diff_Pre-Tournament.TOPct,Diff_Pre-Tournament.OppFG3Pct,Diff_Offensive_Analytics_Score,Diff_Pre-Tournament.ARate,Diff_SGOR,Diff_PFDR,Diff_Pre-Tournament.OffFT,Diff_Roster_Talent_Score,Diff_Consistency_Net_Eff,Diff_Continuity_Pct,Diff_CenterPts,Diff_Pre-Tournament.OppFTPct,Diff_SGPts,Diff_PFOR,Diff_L10_Win_Pct,Diff_Pre-Tournament.AdjEM,Diff_tournament_wins,Diff_Pre-Tournament.AdjOE,Diff_SGDR,Diff_Pre-Tournament.OppBlockPct,Diff_Pre-Tournament.Off3PtFG,Diff_Pre-Tournament.OppStlRate,Diff_Pre-Tournament.FG3Pct,Diff_Pre-Tournament.OppFG3Rate,Diff_Has_Coach_PASE_Data,Diff_Seed,Diff_Pre-Tournament.StlRate,Predicted_Score_Diff,Fav_Team,Und_Team,Half time Point Diff,End Game Point Diff
2026,136,1140,1400,71,79,-8,1,6,11,5,-5.979823401,0.76,-0.083240549,0.2199999999999988,8.525586912152846,-1.747580768,6.635981217945989,-2.66,0.2479703883728419,0.875,-8,-4.59,4.780000000000001,3.556000000000001,1.094,0.4325758129840338,3.607808491138705,-1.084,3,-2.97,-0.752179344,0.934387649,4.495063960825023,-11.33,4.109999999999999,7.550000000000001,1,-0.33,-3.7,0.90292229,-0.23,0.6999999999999993,-1.12,0,1.1800000000000002,-0.656157817,-5.979823401,-12.01894325,1.4,-1.61,0.8,-2.1,-1.13187,5.390000000000001,-1.42,-0.007878351,-0.65905961,-8.363898099,2.388368358422774,3.76,-2.79,-5.385513913,0.4026202500000018,-1.089,-14.84,-10.54,-2.745749463,5.68,3.030000000000001,0,4.214000000000002,0,0.5,0.7799999999999994,-2.586312283,4.451126264,-0.002832191,-0.013583614,5.896582852254689,0,-5,0.02011793,-3.7151115,BYU,Texas,-9,-8
2026,136,1314,1433,78,82,-4,1,6,11,5,-4.784617275,2,-2.382019098,1.2900000000000065,-2.242956819,-2.048687772,5.391090769413879,0.4299999999999997,-2.322371497,-1.959,-4,-3.73,-2.44,-2.902,-12.496,0.486629615,-1.499867673,4.545,-0.6,-10.66,-5.521951666,5.872869843769358,-2.665335219,7.920000000000002,-3.34,-0.5,4,1.46,-2.2,3.3394271785496628,1.4,0.1000000000000014,-6.29,2,1.38,-0.734970046,-4.656120723,-6.304090378,2.4,8.8,0.72,0.3000000000000007,-0.32533,9.749999999999998,0.92,-0.84255357,1.3568769649160046,-8.162214762,4.335980473047307,-3.02,2.8500000000000014,-4.010314898,5.460182398000001,5.653000000000002,-24.2,4.129999999999999,-1.129183482,-6.77,6.329999999999998,-0.3,3.871500000000001,0,1.5,-2.86,0.039033549,-1.862554946,-0.007133404,-2.232885976,2.268345923309397,0,-5,-0.028743671,0.4144524,North Carolina,VCU,11,-4
2026,136,1211,1400,68,74,-6,1,3,11,8,-3.447345881,-0.63,6.995410497195096,-0.09,7.050041652181328,-0.0913578,8.160867652846264,11.319999999999997,-3.573005516,2.0760000000000005,-6,2.43,9.36,18.381,21.095,2.041715518780059,-5.190312158,-0.429,1.6999999999999886,-6.53,-5.41019032,11.047766894022196,3.968370778948224,-6.78,-3.61,12.25,40,-0.87,-12,3.402569239949351,0.13,0.6999999999999993,0.92,-1,0.4700000000000001,-4.713521772,-3.447345881,-15.05249843,3.1,-0.48,0.6699999999999999,-2,-0.01984,-2.77,-1.11,-1.327616924,-5.183946488,-20.24281059,13.643854731802378,1.9400000000000013,-10.23,-8.079972676,7.034399199999999,2.715,-8.96,5.419999999999998,-2.700907425,-1.45,-0.89,0.3,9.136300000000002,0,-3,0.4100000000000001,-4.55220224,-2.967794218,-0.016356358,-0.979830939,10.442756377696114,0,-8,0.039689002,0.64189935,Gonzaga,Texas,2,-6
2026,136,1163,1417,73,57,16,0,2,7,5,3.4820966823311004,-0.59,-4.967967602,0.6400000000000006,-14.83600105,4.815634643743849,-6.182993064,-1.44,-6.874362916,-1.04,16,4.41,-2.54,8.540999999999999,9.382,1.4095714563044055,4.433866114472451,-3.268,-0.2,6.77,-5.104922914,1.4424124158835667,5.823396165358791,8.309999999999999,-3.98,-13.27,1,0.42,-8,5.014798372179065,0.6799999999999999,-1.3,4.030000000000001,1,0.64,2.7008963820651744,3.4820966823310897,-3.074546219,1.8000000000000005,8.490000000000002,1.07,0.8000000000000007,-0.11632,-6.96,1.42,3.0079895222007664,-1.51726257,1.3593198951692926,5.546973427059079,1.370000000000001,-11.7,-2.788519457,6.762525900000004,-1.771,6.420000000000002,5.41,-3.373661978,1.129999999999999,-3.17,0.1,6.2230000000000025,0,-1.7,1.7300000000000004,1.5663812694889288,1.346107041549729,0.01513414,-3.003242216,-8.450064284,0,-5,0.004780092,3.7503488,Connecticut,UCLA,5,16
2026,136,1257,1378,83,79,4,0,6,11,5,-2.304974081,2.33,-2.835569179,1.3299999999999983,-2.961620444,-4.134689835,-0.820341752,7,1.889576038597504,4.119999999999999,4,3.389999999999997,1.0700000000000005,2.4609999999999985,-12.12,5.566533726284263,9.006610713358697,3.810000000000001,-1.9,8.65,2.553628773281943,-3.350906554,-1.69957416,-5.95,1.0399999999999991,-7.33,1,1.9,-2.3,7.907655447965986,1.85,0.7999999999999972,3.349999999999998,1,1.02,3.164190065953285,-2.343848314,-7.66617371,-2,-7.35,-0.02,0.1000000000000014,0.92003,2.35,1.4700000000000002,1.558683130887184,-1.250870287,1.0499743482113928,0.607450567,0.3900000000000005,4.870000000000001,-4.540669087,11.095983413000004,10.092,9.660000000000002,-5.41,1.1236649131197112,-1.36,4.259999999999998,-0.4,9.597,0,6.799999999999997,-1.93,-0.887613929,7.891575641389174,0.006972765,2.564573106390789,-0.368479408,1,-5,-0.019740173,4.7511845,Louisville,South Florida,10,4
2026,136,1235,1246,82,63,19,0,2,7,5,-4.923871107,0.3999999999999999,-1.673783819,-0.73,-0.658527051,0.5672517721093868,4.553164317897711,-5.82,0.88558697,-2.363,19,1.34,0.7700000000000031,13.374999999999998,14.457,3.358399387001704,-0.413745366,-1.306,-1.8,7.050000000000001,-5.521266604,0.52735331,-3.666670518,6.210000000000001,-7.48,-3.2,3,-0.47,-7.6,1.145877556328145,-2.41,0.5,-3.54,-1,-1.53,0.370706789,-4.923871107,-3.497394567,1,-7.27,1.2400000000000002,0.1000000000000014,1.0707400000000002,9.150000000000002,-1.34,0.1984867099803615,0.5018820577164398,-3.911139934,1.4613750371920844,3.65,5.830000000000002,-3.601236986,12.470700270000002,-1.283,15.840000000000003,1.099999999999998,-1.536511878,-4.13,-13.72,0.1999999999999999,10.879899999999996,0,3.299999999999997,4.220000000000001,0.856348414,3.073883675853711,0.00404016,4.545880705789699,3.2697070056092628,0,-5,0.027562895,7.0504208,Iowa St,Kentucky,1,19
2026,136,1196,1234,72,73,-1,1,1,9,8,-0.273810684,2.0500000000000003,-5.745415622,0.4100000000000108,-6.503148898,14.999453406198878,-1.58608362,-7.61,-8.883921179,-3.727,-1,0.9199999999999982,-7.29,5.825000000000001,22.185,-3.026581482,-4.457532523,-1.447,7.5,2.09,-6.034513257,4.907118966052785,5.777446597,1.93,-8.08,-12.03,3,2.04,-7.6,-0.811238794,-2.09,-1.5,-4.77,0,-0.58,1.859894303624209,-0.273810684,4.562481379721277,0.8999999999999999,-2.22,0.6699999999999999,-3.2,0.4878599999999999,5.02,2.02,1.3834586312492707,-1.343539964,-0.084279457,-3.925620766,-7,16.849999999999998,1.5487206208725155,11.363117180000003,-5.574,52.63999999999999,-2.06,-0.399129173,4.190000000000001,14.94,0.6000000000000001,11.3979,0,3.799999999999997,-2.6,-1.099535034,-6.455839587,0.010760998,-4.925472198,-5.348528015,0,-8,-0.019675711,9.758743,Florida,Iowa,-2,-1
2026,136,1211,1244,73,64,9,0,3,14,11,-7.495356693,-0.62,-2.031046075,-0.32,3.446507121503373,0.5820979103421848,5.891078618351347,4.8899999999999935,-0.824760619,2.8629999999999995,9,0.2300000000000004,-6.52,23.729,14.746,5.542717468479765,-11.96571968,3.2489999999999988,-2.6,-0.26,-0.119333257,16.733872031271986,-3.348406147,5.449999999999996,-11.55,-7.14,38,0.08,-16.2,7.862858901640067,-1.58,0.5,0.4199999999999999,0,-0.41,1.6042780748663077,-7.495356693,-14.00665294,2.6,7.580000000000002,0.2199999999999999,-0.1,1.49588,5.3100000000000005,0.79,-2.771308272,-3.133903134,-25.97237262,5.352991712148771,3.16,-4.29,-7.55056299,27.2027134,11.873,-3.56,6.809999999999999,-3.434375725,-0.79,-1.23,0.1,27.602657,0,11.400000000000006,2.789999999999999,-7.116216754,-9.183309042,-0.033202025,0.203719021,5.464310618111945,1,-11,0.028448438,11.008977,Gonzaga,Kennesaw,,
2026,136,1403,1103,91,71,20,0,5,12,7,0.3731127770911016,-0.04,-7.836156268,1.1399999999999864,-9.241850586,-0.354326561,-9.630035001,-9.8,1.6400000000000006,2.783999999999999,20,1.1400000000000023,-3.95,-6.261,-11.629,-2.266710022,2.8963722874469653,0.7140000000000022,-4.1,-1.07,-3.802155399,-4.405377369,1.1563636363636365,3.539999999999999,-9.47,-1.76,-6,0.69,-6.2,-5.457626055,1.48,-0.3,4.859999999999999,1,2.03,9.256922223890768,0.3731127770911051,-1.969881839,1.5,-0.61,0.7899999999999998,2,0.4445800000000002,1.8699999999999972,1.41,0.2287438404806234,-3.629526285,0.9264904486586972,-1.840900577,4.07,-0.43,-1.06437353,16.508146390999997,4.736999999999998,-31.18,4.719999999999999,-2.823791805,1.75,-4.8,-0.4,12.3626,0,6.200000000000003,0.1199999999999992,-0.989614383,5.469750899630085,3.806479545979957e-05,0.8434439685265218,-8.209269045,0,-7,-0.016599587,11.509173,Texas Tech,Akron,,
2026,136,1116,1219,94,88,6,0,4,12,8,-2.457261477,2.11,-5.681835068,2.190000000000012,-2.037849934,-0.498843262,-2.560993355,-8.28,2.129109840657577,2.556000000000001,6,-5.49,-5.14,-7.351,-15.763,1.7669005091255698,-9.545971327,-0.136,1.0999999999999943,-0.94,0.4836643375686265,6.725593744814191,1.9531788125086087,11.22,2.9800000000000004,-6.86,1,1.83,-7,-1.492872847,4.51,-0.6,3.59,1,2.26,4.961462686,-2.400469331,-6.52122339,-2.8,-3.33,0.54,-0.1,-0.64495,-1.52,1.54,-0.604924883,-0.236854649,-15.99862306,0.3063126328188303,-1.21,2.27,-3.145554113,19.00334839,1.5229999999999997,14.740000000000002,2.4700000000000024,1.4561158690635807,1.5500000000000007,-2.2,-0.2,17.01725,0,10.700000000000005,2.640000000000001,-3.762727967,-3.580039632,-0.000333664,4.475591975591975,-3.233956517,1,-8,-0.045058957,12.093833,Arkansas,High Point,,
2026,136,1222,1401,88,57,31,0,2,10,8,1.8708822706653017,-0.17,1.3257946691245053,0.6400000000000006,-2.743110141,4.539360081259527,1.9552815926769649,-12.81,-7.58057258,-2.445,31,2.530000000000001,3.77,11.324,18.534,-2.092625682,-5.514075076,3.622,-7.2,-3.62,3.463478380485114,6.430060679682526,3.631678042470945,0.05,8.059999999999999,3.879999999999999,11,0.12,-9.6,-2.212208022,2.54,0.8000000000000007,0.1300000000000007,2,1.17,-3.826163863,1.8708822706652448,-10.46740809,2.7,4.700000000000003,-0.75,2.799999999999999,-0.80301,-7.19,0.41,-1.98605698,0.4189066302923301,-15.94921486,-8.450612749,-10.77,-8.8,-3.648563358,17.56342799,-2.189,53.260000000000005,-3.18,-4.981926764,-0.16,10.500000000000004,0.1999999999999999,14.736400000000003,0,5.200000000000003,0.25,-5.09616703,-2.781497321,-0.01989797,-1.262562077,-0.568143638,0,-8,0.009525089,12.222991,Houston,Texas A&M,,
2026,136,1458,1219,82,83,-1,1,5,12,7,-2.611523216,2.42,-3.869138854,2.5200000000000102,-1.289682679,-3.378638905,0.5442007788619065,-4.54,0.7128329418624872,3.649000000000001,-1,-14.24,-12.01,-10.379,-12.171,-0.254537954,9.701728274914004,-1.03,-1.2,6.890000000000001,4.369954369954371,-7.352570951,-2.504971667,-4.3,6.780000000000001,-14.19,10,2.8200000000000003,-6.6,-2.254092673,4.57,-0.2,7.24,0,2.0700000000000003,2.067322436785787,-2.611523216,-11.00102576,-2.4,4.459999999999997,0.35,1.299999999999999,0.1229,-4.95,3.22,-0.463626906,1.3294104110849965,-1.299297486,4.666359362469216,7.890000000000001,-6.48,-3.827178777,18.36057573,2.014,4.380000000000003,4.530000000000001,2.3602484472049667,7.859999999999999,3.6999999999999993,-0.3,14.983050000000002,0,8.299999999999997,6.790000000000001,2.091070414,11.179749727619882,-0.003226368,1.7030486344565787,-1.257615639,1,-7,-0.062496437,12.703722,Wisconsin,High Point,,
2026,136,1435,1270,78,68,10,0,5,12,7,0.5339707692972979,1.06,-8.450896177,0.09,-10.59739345,-4.650400003,-7.004945566,-6.84,0.000564005,-0.339,10,1.0700000000000005,2.790000000000001,0.3120000000000011,-16.48,4.318448960743872,8.476772192749095,3.842000000000001,2.5999999999999943,0.8799999999999999,5.234266912307618,-7.140749079,-3.202797466,-3.79,-0.77,-1.99,1,0.05,-2.5,3.935941999059324,-1.55,-1.8,5.130000000000001,0,-0.37,6.861535809341056,0.1434097570578494,-0.170463192,-0.1,3.2600000000000016,2.29,-0.1,0.56705,3.890000000000001,-0.97,-1.035674467,-0.354252076,9.047825743,7.049226168042502,-7.22,-2.63,-0.296587485,18.27868567,1.3789999999999978,20.54,5.899999999999999,2.4110304914917577,-10.09,12.14,-0.4,15.6292,0,12.5,-8.53,0.4818116116598414,7.437336563737571,0.004758099,3.9136156606314856,-8.880571792,1,-7,-0.03816603,13.529233,Vanderbilt,McNeese St,,
2026,136,1104,1220,87,69,18,0,4,13,9,-2.852164493,0.94,-8.423860849,0.7900000000000063,-8.532589099,-4.258675365,-4.489790123,7.52,4.442768013701418,-1.07,18,-0.65,9.6,-0.058,-10.843,3.912087733483944,10.504999817154186,-0.735,8.399999999999991,-4.04,0.5833305315536421,-5.128454318,0.911389308,-15.32,-0.41,13.19,2,0.53,-1.8,8.730750770547452,0.75,-0.6,1.4600000000000009,1,0.87,7.341954615147237,-2.852164493,4.697004172947764,0.4,-14.64,1.3,-3.8,0.4996900000000002,-1.41,0.1099999999999998,-2.123299943,1.239154808106946,15.20200399,5.009017965827326,2.8599999999999994,3.9200000000000017,1.1056818311743193,22.1421361,3.738999999999997,3.299999999999997,2.02,-1.946996767,0.4600000000000008,3.3599999999999994,-0.1,16.230719999999998,0,14.400000000000006,-0.32,1.437487832193174,4.0227724866514905,0.007688271,-1.039616668,-5.571696356,1,-9,0.012008807,14.81649,Alabama,Hofstra,,
2026,136,1345,1274,79,69,10,0,2,7,5,-0.904662603,-0.61,3.388435039034704,-0.64,3.343861613092386,0.7522885250119629,2.271747131638982,2.3800000000000026,2.3000507435887414,-1.194,10,1.5700000000000005,-2.79,2.603999999999999,4.985999999999999,1.996747790552881,9.280886922249223,-0.328,-3.2,-1.56,5.776970626720214,-6.859650685,-1.131809725,8.330000000000005,-3.71,-16.89,20,0.7899999999999998,-0.3,0.865235486,-2.76,0.5,0.4900000000000002,0,-0.92,-1.117847955,-1.153899176,-8.862814793,-2.6,-5.61,-1.15,1.6999999999999993,0.7245000000000001,-3.51,2.21,-2.485071311,-1.248200196,0.5964343195192896,13.126088470916066,-4.49,10.14,-3.179671099,15.480585359999996,-0.442,71.56,6.489999999999998,2.316251953275554,-0.85,14.599999999999998,-0.1,9.8111,0,10.199999999999989,-2.24,-3.593281236,10.03932178334665,-0.018645041,3.2029871645274213,4.067143028771731,1,-5,-0.027381301,14.853162,Purdue,Miami FL,,
2026,136,1277,1295,92,67,25,0,3,14,11,1.8215091368003016,3.63,3.4122544378529014,2.569999999999993,1.3375421603390123,5.129989090385127,2.000201554719822,2.009999999999998,-4.646690584,-2.326,25,0.8500000000000014,-4.4,3.837999999999999,-13.606,0.2423409720529861,-6.336915996,1.0990000000000002,-0.3,-5.98,4.678344849880801,3.1078497215252696,4.3329574094186665,-5.32,1.6099999999999994,-2.66,18,2.48,-11.9,0.2773608351429359,1.6,0.6999999999999993,-4.39,0,2.49,-3.821710692,1.8215091368002696,5.523127645330355,2.3,-4.23,3.81,0,0.05736,0.6699999999999982,1.32,1.1128085753394252,-0.566801619,-0.813788351,13.964322812936883,0.04,14.61,3.412878160157618,26.498389,1.6550000000000011,30.499999999999996,-5.13,0.284280472,2,13.910000000000004,-0.2,23.17245,0,11.299999999999995,-1.62,-0.845000892,-6.520727882,0.004691848,0.174367916,1.5907453010525856,0,-11,-0.035016056,17.290571,Michigan St,N Dakota St,,
2026,136,1116,1218,97,78,19,0,4,13,9,-3.351644298,0.6399999999999999,2.397732742134515,-0.18,11.521130041033864,1.051213314902558,3.655337886159156,-5.6,7.114277830337436,-0.108,19,-2.29,-4.37,1.7880000000000005,2.933,4.508931243129524,-6.326835307,0.6959999999999997,1.2999999999999972,-0.88,0.865975246,3.818747788313893,2.847090823,8.310000000000002,13.04,-0.87,-9,-0.12,0.3999999999999915,0.5850840788942548,0.1399999999999999,1,-3.83,1,0.57,-0.360485735,-3.294852152,-6.051228262,-2.8,-1.55,-1.4,-1.1,-0.1665,-2.37,-0.88,-6.0923603,0.9970918155380062,-12.30949191,3.104231706672735,-5.66,12.279999999999998,-3.76658107,24.43574868,0.9349999999999988,14.14,-11.15,2.3406071782262785,2.780000000000001,-0.91,0.1,19.45095,0,20.60000000000001,-2.53,-1.875756828,-0.052166719,-0.037843935,7.271894771894772,5.739994113881977,0,-9,0.00865511,17.871159,Arkansas,Hawaii,,
2026,136,1181,1395,81,58,23,0,1,9,8,-2.063258021,1.91,5.507106217654496,2.9099999999999966,-9.552736983,4.3231758488193535,6.985611389608909,7.109999999999999,-4.639736957,0.3599999999999994,23,-5.5,-2.57,19.048,21.456000000000003,5.872406847935551,7.510523665659619,-1.043,-2.4,3.5200000000000005,1.598966408268737,-3.00192309,-2.213504653,1.9500000000000028,1.9499999999999995,-11.01,-6,2.14,-8.7,8.467378180945317,4.44,0.3999999999999986,0.9900000000000002,2,3.62,-4.922353369,-2.063258021,-0.935649547,2.3,-1.53,2.21,0.6999999999999993,-0.907096,6.57,2.38,0.5115153452475099,-3.30838679,6.5748741188317865,1.609069887,-5.19,2.539999999999999,-1.800711255,24.02018329,1.7170000000000023,17.480000000000004,-6.94,-0.195820052,3.979999999999997,10.799999999999995,0.1999999999999999,21.3161,0,12.599999999999994,0.6099999999999994,-0.575803499,4.802634345186853,0.005791268,1.966588479540178,7.570364238410598,0,-8,0.007265456,17.8802,Duke,TCU,,
2026,136,1438,1460,82,73,9,0,3,14,11,2.395932180197601,1.42,5.786583437938006,1.259999999999991,5.677787208113003,5.859735963587319,3.3213793585119795,-1.38,-8.176854992,1.6920000000000002,9,6.68,-3.73,11.668,0.8140000000000001,0.1949103022008103,12.84658098425406,1.0940000000000012,-1.5,0.1199999999999992,-1.824027213,-8.407790584,6.152287203242619,7.109999999999999,-1.43,-16.4,-1,2.64,-14.2,0.6991000984565261,-1.45,1.8000000000000007,6.369999999999999,0,1.4,-5.717311539,2.3959321801976188,-4.953924611,-1.3,-8.59,1.06,-0.6,0.8134900000000003,4.779999999999998,3.85,-0.362309216,-2.785395226,7.931325914543692,12.132003577484204,5.040000000000001,3.3800000000000026,-2.617013108,25.31407776,4.718,-41.66,-2.52,1.7498222555292955,-7.52,4.129999999999999,0,24.66715,0,10.400000000000006,2.5600000000000005,0.6615369490799221,11.024803691950922,-0.002200843,-0.200833283,3.390651257740366,1,-11,-0.006907207,18.595098,Virginia,Wright St,,
2026,136,1242,1465,68,60,8,0,4,13,9,-4.820921534,0.5899999999999999,5.455377882824905,2.200000000000003,2.0092671935002717,-8.01727245,11.563044627646033,-5.04,-2.578923966,1.2889999999999997,8,8.21,1.7699999999999996,1.1119999999999992,-17.945,2.970920478165567,3.536585877684388,2.515000000000001,1.7999999999999972,-0.95,4.840013810154915,-1.24906905,8.150107530784659,-5.27,-15.97,8.89,10,-0.11,-8,3.411751555303425,5.35,0.8999999999999986,3.1500000000000004,1,3.19,-6.742123093,-4.820921534,-3.529188644,-2,0.8000000000000007,2.72,-1,0.3446100000000001,4.530000000000001,-0.83,-1.852135633,0.9430182748312744,0.007397234,12.985853766409562,-1.87,-6.25,-1.567620226,19.77875075,6.143000000000001,-37.54,4.4,-2.484309232,-1.23,-0.85,-0.3,18.43675,0,10.399999999999991,0.4700000000000006,-1.338474408,2.8166892754548414,-0.004234321,1.2597362491564752,10.276299417279574,1,-9,-0.000512964,19.194176,Kansas,Cal Baptist,,
2026,136,1112,1429,78,66,12,0,1,9,8,-4.284876774,-0.71,-7.99092154,1.3299999999999983,-0.630993285,6.965676104618467,-0.655233843,-7.17,-4.95142517,-7.287,12,-2.73,0.7899999999999991,7.754,6.488,-1.570731555,-13.89494655,-1.059,2.0999999999999943,-3.64,2.7735150132035926,7.2149932173203055,1.990344482433013,-4.75,2.8000000000000007,5.619999999999999,3,0.91,-11.4,-3.950638369,1.41,-1.2,-9.01,2,0.8999999999999999,4.940110617,-4.284876774,4.184820763936173,-3,5.599999999999998,2.51,-0.4,-0.85413,1.93,2.53,0.117356248,-2.472488571,-9.751547612,-4.309181135,-11.32,6.169999999999998,2.789813925,17.311159679999996,-6.094,5.580000000000005,1.459999999999999,-1.789183013,-3.43,14.099999999999998,0.2,16.906600000000005,0,5.6000000000000085,-3.54,-1.61610951,-10.00480714,0.000988404,0.9528094035136334,-3.706044766,0,-8,-0.015889378,19.349094,Arizona,Utah St,,
2026,136,1163,1202,82,71,11,0,2,15,13,7.175978927126501,-0.14,1.4685160868853018,-0.54,1.6891050452694358,4.263535058237046,-6.692204159,-1.98,-5.140409742,-0.207,11,2.5200000000000014,-0.21,13.820999999999998,5.267,0.548056535,-6.020500526,2.337,-1.5,3.9499999999999993,1.7839204887906703,3.578256732084135,5.864840326846405,9.64,-5.91,-9.94,-1,0.24,-15.3,-1.926377316,-1.54,-0.3,6.970000000000001,1,-1.24,-0.483774768,7.175978927126479,-2.114397646,4.6000000000000005,0.49,-0.4,0.9000000000000021,1.2422500000000003,-2.62,0.6299999999999999,-1.354045054,-2.362957339,-8.134898172,9.185682438694483,-10.96,-5.02,-0.731761216,34.1049734,4.750999999999998,11.240000000000002,3.7600000000000016,1.6870501786702905,2.280000000000001,7.359999999999999,0.1,29.83951,0,14.5,-2.19,-1.118375469,-2.846495516,-0.024883669,1.9064713153936597,-5.70746284,0,-13,0.037403769,19.640524,Connecticut,Furman,,
2026,136,1304,1407,76,47,29,0,4,13,9,-2.636317947,0.16,8.268347274,0.3599999999999994,11.20209126206128,-7.657816722,9.570098417,1.34,-1.351933603,-3.086,29,4.960000000000001,0,10.234,-1.985,3.5578193650217145,5.180969610170969,5.385999999999999,1.7999999999999972,0.6899999999999995,1.2222222222222283,-1.155820313,-0.399281403,18.15,-3.38,-10.76,0,0.58,-16.6,4.425770069510698,-0.63,1.1999999999999993,8.720000000000002,0,0.86,-6.933780469,-2.636317947,-9.133623195,-0.5,-2.88,0.4299999999999999,-1.1,1.0739999999999998,2.509999999999998,1,-2.133213413,-1.421523425,-3.952653585,8.600434455,-0.93,-10.03,-4.991460305,27.31920595,2.3880000000000017,-37.62,-5.6,1.8748301460386472,1.5,-7.2,-0.1,24.39191,0,7.799999999999997,4.16,-1.701138067,6.147280618316884,-0.021760658,2.075131031007785,10.904665221789584,0,-9,0.004544291,20.647251,Nebraska,Troy,,
2026,136,1345,1474,104,69,35,0,2,15,13,-5.366318639,-0.99,0.2905030935051016,-0.55,9.557756909451824,6.402945432201552,6.234183228135596,-1.7,-1.047358288,-1.075,35,1.7100000000000009,-5.65,14.794999999999998,0.2039999999999988,1.022216602050662,-5.863914571,-2.271,-5.2,-2.06,-0.571394313,5.584644720910269,0.8799459002333121,18.32,1.8599999999999997,-13.77,17,1.21,-16.8,-0.876447762,-2.16,0.3000000000000007,1.17,0,-1.89,-0.618628016,-5.615555212,-7.703387143,-2.6,3.6999999999999993,-1.15,2.6999999999999997,1.17003,-0.21,3.42,-1.370383173,-1.614075966,-13.38893952,12.235917247758373,-13.66,8.870000000000001,-3.793729691,19.27029273,-2.328,7.3799999999999955,3.34,-1.197406197,-6.77,11.099999999999998,-0.2,31.93535,0,15.799999999999995,-8.15,-2.513377581,-1.79091503,-0.011353251,2.017306564,5.409314593265329,1,-13,0.002247078,20.69027,Purdue,Queens NC,,
2026,136,1276,1387,95,72,23,0,1,9,8,-5.314429938,2.31,-4.646807849,1.1099999999999994,-4.869448654,5.086002779149066,2.5694470420194406,-1.22,-0.224216195,-2.464,23,-3.26,-6.28,2.087,3.831999999999999,-1.683250555,-3.350397505,0.4530000000000012,-0.1,-13.4,0.3142318122862946,4.702362575162823,6.488309029143876,15.39,-2.97,-0.77,0,2.59,-12.2,2.049132864298336,0.11,0.1000000000000014,-5.37,2,-0.35,2.676775185883514,-5.246222228,3.001203532622512,3.5,8.89,0.6000000000000001,0.4000000000000003,-0.18528,1.1499999999999986,2.87,-0.867568004,0.1638653495013784,0.7033877678932186,0.5065569193626445,-5.3,5.030000000000001,1.7545097693291574,21.71357238,-2.935,0.8999999999999986,3.3200000000000003,1.893894778170392,1.7600000000000016,4.080000000000002,0.2,20.0281,0,7.099999999999994,-2.28,-1.324107048,-6.456872344,-0.013920465,-4.488831703,0.1990065245488068,1,-8,-0.018550382,21.125591,Michigan,St Louis,,
2026,136,1228,1433,76,55,21,0,3,11,8,-5.854961105,1.19,1.7923283160571015,2.1299999999999955,1.0985609103078957,7.144392265,7.594195209832328,-4.61,-0.399730988,-0.635,21,2.3100000000000023,5.379999999999999,7.243,4.546000000000001,0.9875100091512224,6.936648200804001,5.132,-3,-0.43,4.938611169768208,-0.549291448,1.3432319314672228,-5.09,2.0299999999999976,5.209999999999997,8,2.04,-3.6,4.846625766871163,2.42,-0.3,-4.7,2,2.43,-1.867730657,-5.726464553,-10.80503195,-2.3,4.420000000000002,1.7200000000000002,2.3999999999999986,0.01503,1.7299999999999986,2.9,-1.854400102,-1.711792159,-4.226640458,-1.497012446,6.6,0.3800000000000025,-3.933498952,22.7519496,8.748999999999999,7.82,-2.67,2.1897414195340588,-3.38,-6.26,-0.4,15.118100000000002,0,11.299999999999985,-5.44,-0.432211352,4.482790399487122,-0.007465063,-1.997965908,7.513037166773174,0,-8,-0.049801992,21.166363,Illinois,VCU,,
2026,136,1397,1275,78,56,22,0,6,11,5,2.7193801863750977,1.7799999999999998,10.339857141011386,0.9299999999999926,-1.188685362,21.674129225209157,4.414538247610519,8.500000000000004,-2.408640961,4.43,22,-2.01,1.0199999999999996,-0.362,-0.293,-7.598580009,-12.89683608,2.485000000000001,-4.9,-6.07,-5.638288924,8.975698827,3.2049592251252985,6.789999999999996,6.16,10.31,7,2.0900000000000003,-13.5,-9.290872392,-0.48,0.1999999999999993,-3.06,1,-0.4,-7.133918434,2.719380186375041,-1.50226306,-0.2,-2.46,1.33,1.6999999999999993,-0.34724,3.9399999999999977,2.39,2.4884672728972657,-2.468664434,-14.39909914,8.824414995446354,-16.49,5.689999999999998,0.3470044961286582,20.77603225,10.670000000000002,-41.1,-1.42,-3.690250495,-6.68,5.450000000000001,-0.3,17.81001,0,4.299999999999997,-1.21,1.520895856869906,-9.322703323,0.017141705,-4.0625,7.620476954636217,1,-5,0.012551009,21.472242,Tennessee,Miami OH,,
2026,136,1385,1320,77,53,24,0,5,12,7,1.1314443720627985,0.52,-6.628939986,0.6799999999999926,-2.086489722,13.747814725529526,-4.151312133,4.25,-2.412243709,-0.486,24,-0.54,-2.86,4.745000000000001,-3.939,-3.163322185,-5.790628259,1.0389999999999997,7.299999999999997,-3.96,3.0827325944762265,-1.412562487,2.547333817557252,6.049999999999997,-3.98,-13.2,-17,0.91,-4,-3.750776705,-0.05,-0.9,-0.87,0,0.8600000000000001,3.019867760758139,1.1314443720628162,16.20265195300258,-1.7,-0.03,0.74,-2.8,0.3085499999999999,-2.6,1.28,0.073764618,2.440536666962842,10.41202369393109,1.1001736422968662,-4.76,4.199999999999999,8.825290231736918,19.82061018,2.7829999999999977,-56.92,2.18,-0.13317936,4.93,15.88,0.2,14.0619,0,10.099999999999994,-0.44,1.4277241145568542,-7.412727745,-0.00267274,-1.679440071,-7.760384358,0,-7,0.012317149,21.520613,St John's,Northern Iowa,,
2026,136,1276,1224,101,80,21,0,1,16,15,-3.928844917,3.84,4.398898142190099,2.4200000000000017,-0.190694127,1.0557373969107855,9.195918373,7.739999999999998,-3.979638987,-0.969,21,-2.44,1.2400000000000002,13.171,-15.692,7.448373183868973,7.531308553907088,-0.079,1.9000000000000057,-7.3,0.510123786,0.2674516400336415,5.388215653832971,18.56,2.5600000000000023,-9.49,-5,4.13,-17.3,11.097759909725951,2.06,0.9000000000000021,-4.51,2,0.6200000000000001,-5.335281165,-3.860637207,-6.494164711,3.5,6.600000000000001,1.12,-1.7,0.7621500000000001,4.27,4.43,-2.009212602,-0.174957118,2.089725583237509,-0.368438605,-15.9,4.379999999999999,-4.947574993,44.41780672,-2.915,1.5,1.7600000000000016,5.684152427123692,-6.2,14.080000000000002,-0.1,41.52525,0,23.5,-7.77,-1.655181748,4.6801233529576685,0.005165178,1.3111615970381578,7.859127495631746,0,-15,-0.04412226,24.646788,Michigan,Howard,,
2026,136,1196,1341,114,55,59,0,1,16,15,-2.938782071,3.29,-1.853438781,2.3100000000000023,-4.038399151,18.86695242496189,2.0313504656420456,-1.2,-4.236229689,2.6579999999999995,59,-7.37,-4.51,22.811,4.939,5.653594771241842,6.247058823529414,-0.301,-0.4,-6.24,-4.195380247,3.1286581709858865,0.2173926160121162,-4.31,5.779999999999999,-3.65,-7,3.3200000000000003,-20.2,10.814364179442537,1.35,0.1000000000000014,-5.41,1,0.74,0.9074316055835538,-2.938782071,-3.697167756,1.2,3.289999999999999,2.84,0,0.92604,2.1700000000000017,3.34,0.6452346516087175,-2.642752562,2.531295003877304,9.831611414815178,-4.72,5.889999999999997,-4.562125855,50.21509399,2.6750000000000007,64.32,8.56,0.1334332131654179,-9.09,18.930000000000003,0,44.4835,0,24.3,0.7700000000000014,-1.00980073,1.433467684,0.002032906,-2.358487403,1.0308473778046832,1,-15,-0.00249194,25.120289,Florida,Prairie View,,
2026,136,1228,1335,105,70,35,0,3,14,11,-1.378738372,0.5799999999999998,1.3102935545717005,2.219999999999999,-2.400370714,9.714333124848425,5.317397152443551,-0.08,-6.360343216,2.572000000000001,35,0.5,6.609999999999999,19.889,7.794,4.735985547652632,15.714632578905658,4.6080000000000005,-3.5,8.92,9.360806238276496,-5.840357599,4.153478899572647,-23.14,4.549999999999997,6.479999999999999,8,2.52,-6.8,12.004843892831218,2.46,-0.4,-3.52,2,1.32,-3.922298478,-1.395098674,-2.257454483,0.8000000000000003,4.690000000000001,2.29,2.299999999999997,0.39479,-5.35,4.46,-2.067857338,-0.34032136,13.400883077077708,-1.483998765,8.09,-4.29,-0.466155811,38.60121165,9.078999999999995,-8.2,1.09,6.426651335519068,-0.79,-0.33,-0.4,31.289578,0,23.799999999999983,-3.5,-0.914214093,6.306513409961688,-0.004599869,-4.00678123,2.9291444539781253,0,-11,-0.039240458,25.903822,Illinois,Penn,,
2026,136,1222,1225,78,47,31,0,2,15,13,0.1401268196133003,-0.12,5.299369145375607,0.6099999999999994,7.874360591409143,8.840300520130999,3.9509597629918174,-3.91,-3.802246701,1.946,31,4.609999999999999,-0.46,17.954,-2.055,0.2005017058450349,-6.032788251,1.802,-4.4,0.3899999999999988,4.248323136036845,6.375598965468846,6.254095845012004,1.4100000000000037,1.5700000000000005,-3.03,9,0.1899999999999999,-15.9,-0.089610731,1.97,1.1999999999999993,-3.6,2,1.13,-4.091086583,0.14012682,-7.890213776,2.5,8.830000000000002,-0.42,0.5999999999999979,0.24278,-4.73,0.51,-2.361654694,-2.722287008,-13.89073372,8.389015645371586,-11.49,0.3099999999999987,-3.027220553,36.79679344,4.077999999999999,14,0.3200000000000003,-4.704184704,-1.79,12.670000000000002,-0.2,31.86172,0,16.10000000000001,-5.11,-2.75331958,-3.348378412,-0.018278899,0.3967231899750842,5.136186289431599,1,-13,0.037008584,26.91005,Houston,Idaho,,
2026,136,1181,1373,71,65,6,0,1,16,15,-1.326526292,1.88,5.081252823715687,2.6099999999999994,3.1055900621118013,6.241092439760035,5.096541670429858,10.35,-1.608344516,1.269,6,-5.76,-4.11,20.075,24.633000000000003,6.214489738477525,12.426411019538474,-0.875,0.7000000000000028,5.28,-4.463354037,-9.001246571,1.2669426156662844,-4.68,-4.35,-14.88,2,1.38,-20.1,7.241161282,5.44,0.1999999999999993,3.28,2,2.7300000000000004,-3.770015379,-1.326526292,3.5454344064134418,2,0.37,2.1,-1.9,-0.291646,12.48,0.8799999999999999,0.1174510688007881,-2.365217391,15.971845425951898,6.175099787279812,-5.5,6.990000000000002,-1.23548275,41.12055857,5.077999999999999,-2.52,-2.13,-0.826180258,-0.24,19.78,0.4,41.02277,0,20.90000000000001,-6.54,-0.280606568,10.236729321134296,-0.009327124,4.624528547766587,6.407779115309495,1,-15,0.02566633,28.751055,Duke,Siena,,
2026,136,1112,1254,92,58,34,0,1,16,15,-1.064801505,2.33,2.938206132010301,1.5799999999999983,-0.278221359,4.410045301603404,6.130273483291731,6.860000000000003,-7.007520477,-3.916,34,-4.07,-6.82,19.007,3.3000000000000007,1.7534797054430058,-2.129594423,-1.936,2,-8,6.627882469832969,-0.670330548,-3.177789281,-1.05,-3.29,1.0399999999999991,1,3.45,-19.6,2.4792054434176336,-0.98,-0.7,-0.08,2,-0.1,-5.065471979,-1.064801505,8.146583269,-3.6,-1.43,2.06,-0.8,0.46658,3.390000000000001,4.5600000000000005,-3.574733712,-0.462446551,6.016988846167308,5.705873918259684,-17.86,10.619999999999996,4.361783866987807,48.15969245,-1.194,2.480000000000004,5.379999999999999,2.5701998482165465,-1.42,25.82,0.1,41.60022,0,22.10000000000001,-2.32,0.200497556,-3.691453319,-0.020432378,-0.084960405,4.003007636757069,1,-15,-0.005287823,29.69783,Arizona,LIU Brooklyn,,
2026,136,1235,1398,108,74,34,0,2,15,13,-5.965116573,2.09,0.8457417417258952,1.1099999999999994,4.876002301805251,0.7221402600752995,7.387238469054282,1.389999999999997,-1.271007689,1.3209999999999995,34,-8.06,-2.85,16.872,-7.051,6.358615451388879,8.102864583333332,1.3120000000000012,-3.7,8.17,-9.043861154,-4.981398256,-1.506429884,5.769999999999996,2.240000000000002,-4.83,4,2.12,-19.5,5.582520549625805,1.32,0.9000000000000021,0.33,0,-0.46,-1.422121896,-5.965116573,0.484375,-0.9,-4.52,0.44,-0.1,0.8845200000000002,5.120000000000001,2.17,-1.133705871,-1.384702945,8.587239583,13.060078109306197,-2.12,8.629999999999999,-3.489542237,40.01087148,6.779999999999998,3.780000000000001,0.25,-0.87893337,0.4600000000000008,-6.99,-0.3,34.20938,0,14.700000000000005,-1.57,2.0373267083793403,8.470940493479858,-0.002905272,4.969335231628513,6.810858314617711,1,-13,0.003754882,30.03824,Iowa St,Tennessee St,,
